﻿<?xml version="1.0" encoding="utf-8" ?>

<CUC>
  <CD_SISTEMA></CD_SISTEMA>
  <SENHA></SENHA>
  <PESSOA_FISICA>
    <DADOS_PESSOAIS_PESSOA_FISICA>
      <CPF>0</CPF>
      <NOME></NOME>
      <DT_NASCIMENTO></DT_NASCIMENTO>
      <SEXO></SEXO>
      <ESTADO_CIVIL>0</ESTADO_CIVIL>
      <ESCOLARIDADE>0</ESCOLARIDADE>
      <FUNCIONARIO>0</FUNCIONARIO>
      <NOME_MAE></NOME_MAE>
      <NOME_PAI></NOME_PAI>
      <CD_NATURALIDADE>0</CD_NATURALIDADE>
      <RG></RG>
      <DT_EMISSAO_RG></DT_EMISSAO_RG>
      <ORGAO_EMISSAO_RG></ORGAO_EMISSAO_RG>
      <UF_EMISSAO_RG></UF_EMISSAO_RG>
      <UF_NATURALIDADE></UF_NATURALIDADE>
      <NATURALIDADE></NATURALIDADE>
      <QTD_DEPENDENTES>0</QTD_DEPENDENTES>
      <DDD_CELULAR>0</DDD_CELULAR>
      <CELULAR>0</CELULAR>
      <EMAIL></EMAIL>
      <TIPO_ENDERECO_CORRESPONDENCIA>0</TIPO_ENDERECO_CORRESPONDENCIA>
      <PEP_CLIENTE>0</PEP_CLIENTE>
      <PEP_SERASA>0</PEP_SERASA>
      <PERMITE_CONTATO_EMAIL>0</PERMITE_CONTATO_EMAIL>
      <PERMITE_CONTATO_TELEFONE>0</PERMITE_CONTATO_TELEFONE>
      <FALECIDO>0</FALECIDO>
    </DADOS_PESSOAIS_PESSOA_FISICA>
    <ENDERECO_PESSOA_FISICA>
      <ENDERECO_RESIDENCIAL_PESSOA_FISICA>
        <TIPO_RESIDENCIA>0</TIPO_RESIDENCIA>
        <TIPO_LOGRADOURO>0</TIPO_LOGRADOURO>
        <CEP>0</CEP>
        <CIDADE></CIDADE>
        <UF></UF>
        <LOGRADOURO></LOGRADOURO>
        <NUMERO>0</NUMERO>
        <COMPLEMENTO></COMPLEMENTO>
        <BAIRRO></BAIRRO>
        <QTD_MESES_ENDERECO_ATUAL>0</QTD_MESES_ENDERECO_ATUAL>
        <QTD_MESES_ENDERECO_ANTERIOR>0</QTD_MESES_ENDERECO_ANTERIOR>
        <DDD>0</DDD>
        <TELEFONE>0</TELEFONE>
        <RAMAL>0</RAMAL>
        <CONTATO_RECADO></CONTATO_RECADO>
        <STATUS_TELEFONE>0</STATUS_TELEFONE>
      </ENDERECO_RESIDENCIAL_PESSOA_FISICA>
    </ENDERECO_PESSOA_FISICA>
    <DADOS_EMPREGATICIOS_PESSOA_FISICA>
      <DADOS_PROFISSAO_PESSOA_FISICA>
        <NATUREZA_OCUPACAO>0</NATUREZA_OCUPACAO>
        <PROFISSAO></PROFISSAO>
        <CARGO></CARGO>
        <PORTE_EMPRESA>0</PORTE_EMPRESA>
        <RAZAO_SOCIAL></RAZAO_SOCIAL>
        <DT_ADMISSAO></DT_ADMISSAO>
        <VALOR_RENDA>0</VALOR_RENDA>
        <NUMERO_MATRICULA>0</NUMERO_MATRICULA>
        <CNPJ_EMPRESA>0</CNPJ_EMPRESA>
        <QTD_MESES_EMPRESA_ANTERIOR>0</QTD_MESES_EMPRESA_ANTERIOR>
        <DT_DESLIGAMENTO_EMPRESA></DT_DESLIGAMENTO_EMPRESA>
        <OUTRA_RENDA_PESSOA_FISICA>
          <DESCRICAO_OUTRA_RENDA></DESCRICAO_OUTRA_RENDA>
          <VALOR_OUTRA_RENDA>0</VALOR_OUTRA_RENDA>
        </OUTRA_RENDA_PESSOA_FISICA>
      </DADOS_PROFISSAO_PESSOA_FISICA>
      <DADOS_ENDERECO_PROFISSAO_PESSOA_FISICA>
        <CEP>0</CEP>
        <TIPO_LOGRADOURO>0</TIPO_LOGRADOURO>
        <CIDADE></CIDADE>
        <UF></UF>
        <LOGRADOURO></LOGRADOURO>
        <NUMERO>0</NUMERO>
        <COMPLEMENTO></COMPLEMENTO>
        <BAIRRO></BAIRRO>
        <DDD>0</DDD>
        <TELEFONE>0</TELEFONE>
        <RAMAL>0</RAMAL>
        <CONTATO_RECADO></CONTATO_RECADO>
        <SETOR></SETOR>
      </DADOS_ENDERECO_PROFISSAO_PESSOA_FISICA>
    </DADOS_EMPREGATICIOS_PESSOA_FISICA>
    <DADOS_REFERENCIA_PESSOA_FISICA>
      <CARTAO>
        <BANDEIRA_CARTAO>0</BANDEIRA_CARTAO>
        <NUMERO_CARTAO>0</NUMERO_CARTAO>
        <BANCO_AFINIDADE></BANCO_AFINIDADE>
        <VALIDADE_CARTAO></VALIDADE_CARTAO>
      </CARTAO>
      <BANCO>
        <CD_BANCO>0</CD_BANCO>
        <DIGITO_VERIFICADOR_BANCO>0</DIGITO_VERIFICADOR_BANCO>
        <AGENCIA>0</AGENCIA>
        <DIGITO_VERIFICADOR_AGENCIA>0</DIGITO_VERIFICADOR_AGENCIA>
        <NUMERO_CONTA_CORRENTE>0</NUMERO_CONTA_CORRENTE>
        <DIGITO_VERIFICADOR_CONTA>0</DIGITO_VERIFICADOR_CONTA>
        <TIPO_CONTA>0</TIPO_CONTA>
        <DT_ABERTURA></DT_ABERTURA>
      </BANCO>
      <PESSOAL>
        <NOME></NOME>
        <DDD>0</DDD>
        <TELEFONE>0</TELEFONE>
        <RAMAL>0</RAMAL>
        <GRAU_AFINIDADE></GRAU_AFINIDADE>
      </PESSOAL>
      <BEM>
        <TIPO_BEM>0</TIPO_BEM>
        <VALOR_BEM>0</VALOR_BEM>
      </BEM>
      <COMERCIAL>
        <NOME_COMERCIO></NOME_COMERCIO>
      </COMERCIAL>
    </DADOS_REFERENCIA_PESSOA_FISICA>
    <DADOS_CONJUGE>
      <DADOS_PESSOAIS_CONJUGE>
        <CPF>0</CPF>
        <NOME></NOME>
        <SEXO></SEXO>
        <DT_NASCIMENTO></DT_NASCIMENTO>
        <ESCOLARIDADE>0</ESCOLARIDADE>
        <CD_NATURALIDADE>0</CD_NATURALIDADE>
        <RG></RG>
        <DT_EMISSAO_RG></DT_EMISSAO_RG>
        <UF_EMISSAO_RG></UF_EMISSAO_RG>
        <ORGAO_EMISSAO_RG></ORGAO_EMISSAO_RG>
        <UF_NATURALIDADE></UF_NATURALIDADE>
        <NATURALIDADE></NATURALIDADE>
        <DDD_CELULAR>0</DDD_CELULAR>
        <CELULAR>0</CELULAR>
      </DADOS_PESSOAIS_CONJUGE>
      <DADOS_EMPREGATICIOS_CONJUGE>
        <DADOS_PROFISSAO_CONJUGE>
          <NATUREZA_OCUPACAO>0</NATUREZA_OCUPACAO>
          <PROFISSAO></PROFISSAO>
          <CARGO></CARGO>
          <PORTE_EMPRESA>0</PORTE_EMPRESA>
          <RAZAO_SOCIAL></RAZAO_SOCIAL>
          <DT_ADMISSAO></DT_ADMISSAO>
          <VALOR_RENDA>0</VALOR_RENDA>
          <NUMERO_MATRICULA>0</NUMERO_MATRICULA>
          <CNPJ_EMPRESA>0</CNPJ_EMPRESA>
          <QTD_MESES_EMPRESA_ANTERIOR>0</QTD_MESES_EMPRESA_ANTERIOR>
          <DT_DESLIGAMENTO_EMPRESA></DT_DESLIGAMENTO_EMPRESA>
          <OUTRA_RENDA_CONJUGE>
            <DESCRICAO_OUTRA_RENDA></DESCRICAO_OUTRA_RENDA>
            <VALOR_OUTRA_RENDA>0</VALOR_OUTRA_RENDA>
          </OUTRA_RENDA_CONJUGE>
        </DADOS_PROFISSAO_CONJUGE>
        <DADOS_ENDERECO_EMPREGATICIO_CONJUGE>
          <CEP>0</CEP>
          <TIPO_LOGRADOURO>0</TIPO_LOGRADOURO>
          <CIDADE></CIDADE>
          <UF></UF>
          <LOGRADOURO></LOGRADOURO>
          <NUMERO>0</NUMERO>
          <COMPLEMENTO></COMPLEMENTO>
          <BAIRRO></BAIRRO>
          <DDD>0</DDD>
          <TELEFONE>0</TELEFONE>
          <RAMAL>0</RAMAL>
          <CONTATO_RECADO></CONTATO_RECADO>
          <SETOR></SETOR>
        </DADOS_ENDERECO_EMPREGATICIO_CONJUGE>
      </DADOS_EMPREGATICIOS_CONJUGE>
    </DADOS_CONJUGE>
  </PESSOA_FISICA>
  <PESSOA_JURIDICA>
    <DADOS_EMPRESA>
      <CNPJ>0</CNPJ>
      <NOME_FANTASIA></NOME_FANTASIA>
      <DT_ABERTURA></DT_ABERTURA>
      <VALOR_FATURAMENTO>0</VALOR_FATURAMENTO>
      <RAZAO_SOCIAL></RAZAO_SOCIAL>
      <RAMO_ATIVIDADE>0</RAMO_ATIVIDADE>
      <SETOR_ECONOMICO></SETOR_ECONOMICO>
      <PORTE_EMPRESA>0</PORTE_EMPRESA>
    </DADOS_EMPRESA>
    <ENDERECO_EMPRESA>
      <CEP>0</CEP>
      <TIPO_LOGRADOURO>0</TIPO_LOGRADOURO>
      <CIDADE></CIDADE>
      <UF></UF>
      <LOGRADOURO></LOGRADOURO>
      <NUMERO>0</NUMERO>
      <COMPLEMENTO></COMPLEMENTO>
      <BAIRRO></BAIRRO>
      <DDD>0</DDD>
      <TELEFONE>0</TELEFONE>
      <RAMAL>0</RAMAL>
      <CONTATO_RECADO></CONTATO_RECADO>
    </ENDERECO_EMPRESA>
  </PESSOA_JURIDICA>
</CUC>
