﻿ARIANY CRISTINA GONCALVES;716516408-3;174.00;SIAPE SERVIDOR;1450345;00000145670;5;2018;PBX;3;0001
GUTEMBERG DOS SANTOS TEIXEIRA;316411207-4;794.00;INSS;5427147299;00000395609;5;2018;PBX;3;0001
DEILSON DE OLIVEIRA TEIXEIRA;716325516-4;844.00;EXERCITO;341923747;00001785788;6;2018;PBX;3;0001
NELSI MORGENSTERN;316600716-5;252.00;INSS;5443390208;00002244993;6;2018;PBX;3;0001
JOSE MOZART DE C NERY;316232110-7;348.00;INSS;1206087720;00002461234;2;2018;PBX;3;0001
MARIA ENILCE SILVA VIEIRA;317578215-4;795.00;INSS;1254333204;00002523361;7;2018;PBX;3;0001
EDUARDO BARROSO SILVA;717327706-7;273.00;SIAPE SERVIDOR;1399637;00002699133;3;2018;PBX;3;0001
CARLITO SILVA DOS ANJOS;316501510-2;362.00;INSS;6149631960;00005567505;7;2018;PBX;3;0001
ANA PAULA TODARO LEITE;717375004-8;486.00;SIAPE SERVIDOR;2305232;00006247725;3;2018;PBX;3;0001
WAGNER PAULO DA COSTA SILVA;717482305-9;192.00;GOV GO;0069507011;00006267165;4;2018;PBX;3;0001
MARCIO BONIN RIBEIRO;716800413-8;229.00;SIAPE SERVIDOR;2658573;00006384714;4;2018;PBX;3;0001
VALERIA DE CASTRO ALVES;317089204-0;658.00;INSS;1046677516;00007500696;7;2018;PBX;3;0001
ANTONIO  LOURENCO DA SILVA FILHO;716149706-5;638.00;SIAPE SERVIDOR;0664223;00008128898;4;2018;PBX;3;0001
NELSON ANDRE PALOMEQUE CORIA;316585005-2;485.00;INSS;0410788538;00008254095;4;2018;PBX;3;0001
EMERSON CECHETTO;716522402-8;865.00;GOV SC;0323349019;00009017925;3;2018;PBX;3;0001
