﻿ARIANY CRISTINA GONCALVES;716516408-3;629.00;SIAPE SERVIDOR;1450345;00000145670;1;2018;EST;4;0001
TEODORA COSTA;317854066-6;557.00;INSS;1232251388;00000372307;1;2018;EST;4;0001
GUTEMBERG DOS SANTOS TEIXEIRA;316411207-4;236.00;INSS;5427147299;00000395609;2;2018;EST;4;0001
ANGELINA DUARTE;316029967-7;583.00;INSS;5337038890;00000526045;4;2018;EST;4;0001
ILKA DE CASTRO ALMEIDA SANTOS;317839022-9;493.00;INSS;6061175888;00000732702;7;2018;EST;4;0001
LUIZ JESUINO DA SILVA;317848842-9;370.00;INSS;5603367063;00000944807;3;2018;EST;4;0001
HAROLDO DONIZETE LOPES;316245465-0;374.00;INSS;1214116733;00001232851;2;2018;EST;4;0001
ANDRE MARCELO CARVALHO CARDOSO;716570026-6;301.00;EXERCITO;125595889;00001482025;4;2018;EST;4;0001
DEILSON DE OLIVEIRA TEIXEIRA;716325516-4;814.00;EXERCITO;341923747;00001785788;6;2018;EST;4;0001
NELSI MORGENSTERN;316600716-5;274.00;INSS;5443390208;00002244993;6;2018;EST;4;0001
JOSE MOZART DE C NERY;316232110-7;942.00;INSS;1206087720;00002461234;5;2018;EST;4;0001
MARIA ENILCE SILVA VIEIRA;317960421-4;614.00;INSS;1254333204;00002523361;4;2018;EST;4;0001
MARIA ENILCE SILVA VIEIRA;317578215-4;376.00;INSS;1254333204;00002523361;3;2018;EST;4;0001
JAIME DE CASTRO RAMOS;316698434-8;424.00;INSS;1347183822;00002611228;6;2018;EST;4;0001
EDUARDO BARROSO SILVA;717327706-7;450.00;SIAPE SERVIDOR;1399637;00002699133;3;2018;EST;4;0001
